{
    "name": "Line Topology (ACWA)",
    "network": {
        "components": [
            { "id": "source_1", "type": "source", "flowRate": 2.0, "temperature": 18, "ph": 7.2, "o2": 9.0, "bodn": 1.0, "nitrate": 0.5, "co2": 4.0, "position": { "x": 0, "y": 0, "z": 0 } },
            { "id": "valve_1", "type": "valve", "flowRate": 1.8, "isOpen": true, "temperature": 18, "ph": 7.1, "o2": 8.5, "bodn": 1.2, "nitrate": 0.6, "co2": 4.5, "position": { "x": 0, "y": 0, "z": 0 } },
            { "id": "tank_1", "type": "tank", "shape": "rectangular", "width": 2.0, "height": 1.5, "maxLevel": 12, "waterLevel": 8, "temperature": 18, "ph": 7.1, "o2": 8.5, "bodn": 1.2, "nitrate": 0.6, "co2": 4.5, "power": 0, "position": { "x": 0, "y": 0, "z": 0 } },
            { "id": "pump_1", "type": "pump", "maxFlowRate": 1.8, "efficiency": 0.85, "power": 2.5, "temperature": 18, "ph": 7.1, "o2": 8.5, "bodn": 1.2, "nitrate": 0.6, "co2": 4.5, "position": { "x": 0, "y": 0, "z": 0 } },
            { "id": "junction_1", "type": "junction", "flowRate": 1.6, "temperature": 18, "ph": 7.1, "o2": 8.5, "bodn": 1.2, "nitrate": 0.6, "co2": 4.5, "position": { "x": 0, "y": 0, "z": 0 } },
            { "id": "tank_2", "type": "tank", "shape": "rectangular", "width": 2.0, "height": 1.5, "maxLevel": 12, "waterLevel": 8, "temperature": 18, "ph": 7.1, "o2": 8.5, "bodn": 1.2, "nitrate": 0.6, "co2": 4.5, "power": 0, "position": { "x": 0, "y": 0, "z": 0 } },
            { "id": "junction_2", "type": "junction", "flowRate": 1.4, "temperature": 18, "ph": 7.1, "o2": 8.5, "bodn": 1.2, "nitrate": 0.6, "co2": 4.5, "position": { "x": 0, "y": 0, "z": 0 } },
            { "id": "tank_3", "type": "tank", "shape": "rectangular", "width": 2.0, "height": 1.5, "maxLevel": 12, "waterLevel": 8, "temperature": 18, "ph": 7.1, "o2": 8.5, "bodn": 1.2, "nitrate": 0.6, "co2": 4.5, "power": 0, "position": { "x": 0, "y": 0, "z": 0 } },
            { "id": "junction_3", "type": "junction", "flowRate": 1.2, "temperature": 18, "ph": 7.1, "o2": 8.5, "bodn": 1.2, "nitrate": 0.6, "co2": 4.5, "position": { "x": 0, "y": 0, "z": 0 } },
            { "id": "tank_4", "type": "tank", "shape": "rectangular", "width": 2.0, "height": 1.5, "maxLevel": 12, "waterLevel": 8, "temperature": 18, "ph": 7.1, "o2": 8.5, "bodn": 1.2, "nitrate": 0.6, "co2": 4.5, "power": 0, "position": { "x": 0, "y": 0, "z": 0 } },
            { "id": "tank_5", "type": "tank", "shape": "rectangular", "width": 2.0, "height": 1.5, "maxLevel": 12, "waterLevel": 8, "temperature": 18, "ph": 7.1, "o2": 8.5, "bodn": 1.2, "nitrate": 0.6, "co2": 4.5, "power": 0, "position": { "x": 0, "y": 0, "z": 0 } }
        ],
        "pipes": [
            { "id": "pipe_source_valve", "from": "source_1", "to": "valve_1" },
            { "id": "pipe_valve_tank1", "from": "valve_1", "to": "tank_1" },
            { "id": "pipe_tank1_pump", "from": "tank_1", "to": "pump_1" },
            { "id": "pipe_pump_junction1", "from": "pump_1", "to": "junction_1" },
            { "id": "pipe_junction1_tank2", "from": "junction_1", "to": "tank_2" },
            { "id": "pipe_junction1_junction2", "from": "junction_1", "to": "junction_2" },
            { "id": "pipe_junction2_tank3", "from": "junction_2", "to": "tank_3" },
            { "id": "pipe_junction2_junction3", "from": "junction_2", "to": "junction_3" },
            { "id": "pipe_junction3_tank4", "from": "junction_3", "to": "tank_4" },
            { "id": "pipe_junction3_tank5", "from": "junction_3", "to": "tank_5" }
        ]
    },
    "controlActions": [
        { "time": 0, "componentId": "valve_1", "actionType": "set_valve_flow", "params": { "flowRate": "1.8" } },
        { "time": 0, "componentId": "pump_1", "actionType": "set_pump_power", "params": { "power": "2.5" } },
        { "time": 300, "componentId": "pump_1", "actionType": "set_pump_power", "params": { "power": "3.0" } },
        { "time": 600, "componentId": "pump_1", "actionType": "set_pump_power", "params": { "power": "2.0" } }
    ],
    "conditionalActions": [
        {
            "source": { "componentId": "tank_1", "value": "waterLevel" },
            "condition": { "operator": "<", "threshold": 0.1 },
            "target": { "componentId": "valve_1", "actionType": "emergency_close", "params": {} }
        },
        {
            "source": { "componentId": "tank_1", "value": "waterLevel" },
            "condition": { "operator": "<", "threshold": 0.1 },
            "target": { "componentId": "pump_1", "actionType": "emergency_stop", "params": {} }
        },
        {
            "source": { "componentId": "tank_1", "value": "waterLevel" },
            "condition": { "operator": ">", "threshold": 0.9 },
            "target": { "componentId": "valve_1", "actionType": "pressure_relief", "params": {} }
        },
        {
            "source": { "componentId": "tank_2", "value": "waterLevel" },
            "condition": { "operator": ">", "threshold": 0.8 },
            "target": { "componentId": "pump_1", "actionType": "reduce_power", "params": { "power": "50" } }
        },
        {
            "source": { "componentId": "tank_2", "value": "waterLevel" },
            "condition": { "operator": "<", "threshold": 0.2 },
            "target": { "componentId": "pump_1", "actionType": "increase_power", "params": { "power": "100" } }
        }
    ],
    "attackScenarios": [
        { "time": 300, "type": "chemical_dosing", "componentId": "tank_3", "chemicalType": "acid" },
        { "time": 600, "type": "chemical_interference", "componentId": "tank_2", "chemical": "O2", "amount": -2.0 },
        { "time": 450, "type": "physical_damage", "componentId": "valve_1", "damageType": "valve_stuck" },
        { "time": 180, "type": "chemical_dosing", "componentId": "tank_3", "chemicalType": "acid" },
        { "time": 720, "type": "physical_damage", "componentId": "pump_1", "damageType": "pump_failure" },
        { "time": 200, "type": "data_poisoning", "componentId": "tank_1", "poisonType": "waterLevel", "value": 0.05, "duration": 300 },
        { "time": 400, "type": "data_poisoning", "componentId": "tank_2", "poisonType": "waterLevel", "value": 0.95, "duration": 200 }
    ],
    "simulationSettings": {
        "duration": 900,
        "ambientTemp": 20
    }
}