{
    "name": "Star Topology (ACWA)",
    "network": {
        "components": [
            { "id": "source_1", "type": "source", "maxFlowRate": 3.0, "temperature": 18, "ph": 7.2, "o2": 9.0, "bodn": 1.0, "nitrate": 0.5, "co2": 4.0, "position": { "x": -25, "y": 0, "z": 0 } },
            { "id": "input_valve", "type": "valve", "isOpen": true, "flowCoefficient": 0.8, "temperature": 18, "ph": 7.1, "o2": 8.5, "bodn": 1.2, "nitrate": 0.6, "co2": 4.5, "position": { "x": -20, "y": 0, "z": 0 } },
            { "id": "reservoir_tank", "type": "tank", "shape": "rectangular", "width": 3.0, "height": 2.0, "maxLevel": 15, "waterLevel": 10, "temperature": 18, "ph": 7.1, "o2": 8.5, "bodn": 1.2, "nitrate": 0.6, "co2": 4.5, "power": 0, "position": { "x": -15, "y": 0, "z": 0 } },
            { "id": "reservoir_pump", "type": "pump", "maxFlowRate": 2.5, "power": 85, "temperature": 18, "ph": 7.1, "o2": 8.5, "bodn": 1.2, "nitrate": 0.6, "co2": 4.5, "position": { "x": -10, "y": 0, "z": 0 } },
            
            { "id": "central_hub", "type": "tank", "shape": "rectangular", "width": 4.0, "height": 3.0, "maxLevel": 20, "waterLevel": 12, "temperature": 18, "ph": 7.1, "o2": 8.5, "bodn": 1.2, "nitrate": 0.6, "co2": 4.5, "power": 0, "position": { "x": 0, "y": 0, "z": 0 } },
            
            { "id": "dist_pump_1", "type": "pump", "maxFlowRate": 1.8, "power": 80, "temperature": 18, "ph": 7.1, "o2": 8.5, "bodn": 1.2, "nitrate": 0.6, "co2": 4.5, "position": { "x": 5, "y": 0, "z": 0 } },
            { "id": "dist_valve_1", "type": "valve", "isOpen": true, "flowCoefficient": 0.8, "temperature": 18, "ph": 7.1, "o2": 8.5, "bodn": 1.2, "nitrate": 0.6, "co2": 4.5, "position": { "x": 8, "y": 0, "z": 0 } },
            { "id": "peripheral_tank_1", "type": "tank", "shape": "rectangular", "width": 2.0, "height": 1.5, "maxLevel": 12, "waterLevel": 8, "temperature": 18, "ph": 7.1, "o2": 8.5, "bodn": 1.2, "nitrate": 0.6, "co2": 4.5, "power": 0, "position": { "x": 12, "y": 8, "z": 0 } },
            { "id": "peripheral_tank_2", "type": "tank", "shape": "rectangular", "width": 2.0, "height": 1.5, "maxLevel": 12, "waterLevel": 8, "temperature": 18, "ph": 7.1, "o2": 8.5, "bodn": 1.2, "nitrate": 0.6, "co2": 4.5, "power": 0, "position": { "x": 12, "y": 8, "z": 0 } },
            
            { "id": "dist_pump_2", "type": "pump", "maxFlowRate": 1.6, "power": 80, "temperature": 18, "ph": 7.1, "o2": 8.5, "bodn": 1.2, "nitrate": 0.6, "co2": 4.5, "position": { "x": 5, "y": 5, "z": 0 } },
            { "id": "dist_valve_2", "type": "valve", "isOpen": true, "flowCoefficient": 0.8, "temperature": 18, "ph": 7.1, "o2": 8.5, "bodn": 1.2, "nitrate": 0.6, "co2": 4.5, "position": { "x": 8, "y": 5, "z": 0 } },
            { "id": "peripheral_tank_3", "type": "tank", "shape": "rectangular", "width": 2.0, "height": 1.5, "maxLevel": 12, "waterLevel": 8, "temperature": 18, "ph": 7.1, "o2": 8.5, "bodn": 1.2, "nitrate": 0.6, "co2": 4.5, "power": 0, "position": { "x": 12, "y": 13, "z": 0 } },
            { "id": "peripheral_tank_4", "type": "tank", "shape": "rectangular", "width": 2.0, "height": 1.5, "maxLevel": 12, "waterLevel": 8, "temperature": 18, "ph": 7.1, "o2": 8.5, "bodn": 1.2, "nitrate": 0.6, "co2": 4.5, "power": 0, "position": { "x": 12, "y": -3, "z": 0 } }
        ],
        "pipes": [
            { "id": "pipe_source_valve", "from": "source_1", "to": "input_valve" },
            { "id": "pipe_valve_reservoir", "from": "input_valve", "to": "reservoir_tank" },
            { "id": "pipe_reservoir_pump", "from": "reservoir_tank", "to": "reservoir_pump" },
            { "id": "pipe_pump_hub", "from": "reservoir_pump", "to": "central_hub" },
            
            { "id": "pipe_hub_pump1", "from": "central_hub", "to": "dist_pump_1" },
            { "id": "pipe_pump1_valve1", "from": "dist_pump_1", "to": "dist_valve_1" },
            { "id": "pipe_valve1_tank1", "from": "dist_valve_1", "to": "peripheral_tank_1" },
            { "id": "pipe_valve1_tank2", "from": "dist_valve_1", "to": "peripheral_tank_2" },
            
            { "id": "pipe_hub_pump2", "from": "central_hub", "to": "dist_pump_2" },
            { "id": "pipe_pump2_valve2", "from": "dist_pump_2", "to": "dist_valve_2" },
            { "id": "pipe_valve2_tank3", "from": "dist_valve_2", "to": "peripheral_tank_3" },
            { "id": "pipe_valve2_tank4", "from": "dist_valve_2", "to": "peripheral_tank_4" }
        ]
    },
    "controlActions": [
        { "time": 0, "componentId": "input_valve", "actionType": "set_valve_state", "params": { "state": "open" } },
        { "time": 0, "componentId": "reservoir_pump", "actionType": "set_pump_power", "params": { "power": "85" } },
        { "time": 0, "componentId": "dist_pump_1", "actionType": "set_pump_power", "params": { "power": "80" } },
        { "time": 0, "componentId": "dist_pump_2", "actionType": "set_pump_power", "params": { "power": "80" } },
        { "time": 0, "componentId": "dist_valve_1", "actionType": "set_valve_state", "params": { "state": "open" } },
        { "time": 0, "componentId": "dist_valve_2", "actionType": "set_valve_state", "params": { "state": "open" } },
        { "time": 300, "componentId": "reservoir_pump", "actionType": "set_pump_power", "params": { "power": "100" } },
        { "time": 600, "componentId": "dist_pump_1", "actionType": "set_pump_power", "params": { "power": "100" } }
    ],
    "conditionalActions": [
        {
            "source": { "componentId": "reservoir_tank", "value": "waterLevel" },
            "condition": { "operator": "<", "threshold": 0.2 },
            "target": { "componentId": "reservoir_pump", "actionType": "emergency_stop", "params": {} }
        },
        {
            "source": { "componentId": "reservoir_tank", "value": "waterLevel" },
            "condition": { "operator": ">", "threshold": 0.8 },
            "target": { "componentId": "input_valve", "actionType": "emergency_close", "params": {} }
        },
        {
            "source": { "componentId": "central_hub", "value": "waterLevel" },
            "condition": { "operator": ">", "threshold": 0.8 },
            "target": { "componentId": "dist_pump_1", "actionType": "set_pump_power", "params": { "power": "100" } }
        },
        {
            "source": { "componentId": "central_hub", "value": "waterLevel" },
            "condition": { "operator": ">", "threshold": 0.8 },
            "target": { "componentId": "dist_pump_2", "actionType": "set_pump_power", "params": { "power": "100" } }
        },
        {
            "source": { "componentId": "central_hub", "value": "waterLevel" },
            "condition": { "operator": "<", "threshold": 0.3 },
            "target": { "componentId": "dist_pump_1", "actionType": "set_pump_power", "params": { "power": "0" } }
        },
        {
            "source": { "componentId": "central_hub", "value": "waterLevel" },
            "condition": { "operator": "<", "threshold": 0.3 },
            "target": { "componentId": "dist_pump_2", "actionType": "set_pump_power", "params": { "power": "0" } }
        },
        {
            "source": { "componentId": "peripheral_tank_1", "value": "waterLevel" },
            "condition": { "operator": ">", "threshold": 0.9 },
            "target": { "componentId": "dist_valve_1", "actionType": "emergency_close", "params": {} }
        },
        {
            "source": { "componentId": "peripheral_tank_2", "value": "waterLevel" },
            "condition": { "operator": ">", "threshold": 0.9 },
            "target": { "componentId": "dist_valve_1", "actionType": "emergency_close", "params": {} }
        },
        {
            "source": { "componentId": "peripheral_tank_3", "value": "waterLevel" },
            "condition": { "operator": ">", "threshold": 0.9 },
            "target": { "componentId": "dist_valve_2", "actionType": "emergency_close", "params": {} }
        },
        {
            "source": { "componentId": "peripheral_tank_4", "value": "waterLevel" },
            "condition": { "operator": ">", "threshold": 0.9 },
            "target": { "componentId": "dist_valve_2", "actionType": "emergency_close", "params": {} }
        }
    ],
    "attackScenarios": [
        { "time": 200, "type": "data_poisoning", "componentId": "central_hub", "poisonType": "waterLevel", "value": 5, "duration": 150 },
        { "time": 400, "type": "data_poisoning", "componentId": "reservoir_tank", "poisonType": "waterLevel", "value": 2, "duration": 200 },
        { "time": 300, "type": "data_poisoning", "componentId": "peripheral_tank_1", "poisonType": "waterLevel", "value": 15, "duration": 180 },
        { "time": 250, "type": "physical_damage", "componentId": "reservoir_pump", "damageType": "pump_failure" },
        { "time": 500, "type": "physical_damage", "componentId": "dist_pump_1", "damageType": "pump_failure" },
        { "time": 350, "type": "physical_damage", "componentId": "input_valve", "damageType": "valve_stuck" },
        { "time": 180, "type": "chemical_interference", "componentId": "reservoir_tank", "chemical": "O2", "amount": -2.0 },
        { "time": 450, "type": "chemical_dosing", "componentId": "central_hub", "chemicalType": "acid" }
    ],
    "simulationSettings": {
        "duration": 900,  
        "ambientTemp": 20
    }
}